{
  "simulation_metadata": {
    "duration_days": 7,
    "total_tasks": 603,
    "client_agents": 10,
    "contractor_agents": 20,
    "generated_at": "2025-05-31T23:13:42.398937"
  },
  "cost_performance": {
    "average_cost_reduction_percent": 141.75461225330648,
    "total_cost_savings_usd": 168393.4317996632
  },
  "time_performance": {
    "average_time_savings_percent": 42.49564219460654,
    "total_time_savings_minutes": 22634.60819026894,
    "throughput_tasks_per_hour": 3.5892857142857144
  },
  "decision_quality": {
    "outsourcing_rate": 0.3333333333333333,
    "average_topsis_score": 0.8003720946402654,
    "average_confidence": 0.8367988390741827
  }
}