{
  "simulation_metadata": {
    "duration_days": 15,
    "total_tasks": 1200,
    "client_agents": 15,
    "contractor_agents": 30,
    "generated_at": "2025-05-31T11:24:22.497373"
  },
  "cost_performance": {
    "average_cost_reduction_percent": 21.455046974720872,
    "total_cost_savings_usd": 27746.059717951877
  },
  "time_performance": {
    "average_time_savings_percent": 20.75839600024745,
    "total_time_savings_minutes": 26486.54354779435,
    "throughput_tasks_per_hour": 3.3333333333333335
  },
  "decision_quality": {
    "outsourcing_rate": 0.1475,
    "average_topsis_score": 0.8569971366164206,
    "average_confidence": 0.9194137545619768
  }
}