{
  "simulation_metadata": {
    "duration_days": 15,
    "total_tasks": 1149,
    "client_agents": 15,
    "contractor_agents": 30,
    "generated_at": "2025-05-31T23:04:40.889104"
  },
  "cost_performance": {
    "average_cost_reduction_percent": 106.60106815714919,
    "total_cost_savings_usd": 67703.22098888
  },
  "time_performance": {
    "average_time_savings_percent": 104.28401327505796,
    "total_time_savings_minutes": 71251.36118675908,
    "throughput_tasks_per_hour": 3.191666666666667
  },
  "decision_quality": {
    "outsourcing_rate": 0.4482158398607485,
    "average_topsis_score": 0.6283844798020838,
    "average_confidence": 0.9638782368946617
  }
}