{
  "simulation_metadata": {
    "duration_days": 5,
    "total_tasks": 448,
    "client_agents": 15,
    "contractor_agents": 30,
    "generated_at": "2025-05-31T23:13:25.406965"
  },
  "cost_performance": {
    "average_cost_reduction_percent": 34.39623168426997,
    "total_cost_savings_usd": 14143.515603957234
  },
  "time_performance": {
    "average_time_savings_percent": 44.72159469931089,
    "total_time_savings_minutes": 16896.47275372885,
    "throughput_tasks_per_hour": 3.7333333333333334
  },
  "decision_quality": {
    "outsourcing_rate": 0.3325892857142857,
    "average_topsis_score": 0.7840704225277044,
    "average_confidence": 0.8406249297621031
  }
}