{
  "validation_type": "PAPER_COMPARISON",
  "total_tasks": 50,
  "successful_tasks": 50,
  "success_rate": 1.0,
  "cost_reduction_percent": -34.035963016907345,
  "time_savings_percent": 99.29398534872404,
  "outsourcing_rate_percent": 100.0,
  "avg_topsis_score": 0.752714445107646,
  "cost_savings_distribution": {
    "min": -39.708939708939745,
    "max": -28.98272552783108,
    "std": 4.726489406709668
  },
  "paper_comparison": {
    "paper_cost_reduction_mean": 43.5,
    "validation_cost_reduction": -34.035963016907345,
    "paper_time_savings_mean": 44.4,
    "validation_time_savings": 99.29398534872404,
    "paper_outsourcing_rate": 33.8,
    "validation_outsourcing_rate": 100.0,
    "paper_topsis_mean": 0.79,
    "validation_topsis": 0.752714445107646
  }
}