{
  "validation_type": "PAPER_COMPARISON",
  "total_tasks": 50,
  "successful_tasks": 48,
  "success_rate": 0.96,
  "cost_reduction_percent": 75.7049927089471,
  "time_savings_percent": 98.69725733017526,
  "outsourcing_rate_percent": 100.0,
  "avg_topsis_score": 0.6511318149590785,
  "cost_savings_distribution": {
    "min": 64.20581655480984,
    "max": 81.77437020810515,
    "std": 6.903355482676991
  },
  "paper_comparison": {
    "paper_cost_reduction_mean": 43.5,
    "validation_cost_reduction": 75.7049927089471,
    "paper_time_savings_mean": 44.4,
    "validation_time_savings": 98.69725733017526,
    "paper_outsourcing_rate": 33.8,
    "validation_outsourcing_rate": 100.0,
    "paper_topsis_mean": 0.79,
    "validation_topsis": 0.6511318149590785
  }
}