{
  "validation_type": "PAPER_COMPARISON",
  "total_tasks": 50,
  "successful_tasks": 49,
  "success_rate": 0.98,
  "cost_reduction_percent": 54.06945538377271,
  "time_savings_percent": 98.85399171131886,
  "outsourcing_rate_percent": 0.0,
  "avg_topsis_score": 0.6967957345249259,
  "cost_savings_distribution": {
    "min": 41.863966059942506,
    "max": 63.457098283931366,
    "std": 9.078542420127459
  },
  "paper_comparison": {
    "paper_cost_reduction_mean": 43.5,
    "validation_cost_reduction": 54.06945538377271,
    "paper_time_savings_mean": 44.4,
    "validation_time_savings": 98.85399171131886,
    "paper_outsourcing_rate": 33.8,
    "validation_outsourcing_rate": 0.0,
    "paper_topsis_mean": 0.79,
    "validation_topsis": 0.6967957345249259
  }
}