{
  "validation_type": "PAPER_COMPARISON",
  "total_tasks": 50,
  "successful_tasks": 47,
  "success_rate": 0.94,
  "cost_reduction_percent": 72.09757024280574,
  "time_savings_percent": 98.9965731121276,
  "outsourcing_rate_percent": 0.0,
  "avg_topsis_score": 0.7449542783591562,
  "cost_savings_distribution": {
    "min": 64.20581655480984,
    "max": 81.77437020810515,
    "std": 7.476213241273887
  },
  "paper_comparison": {
    "paper_cost_reduction_mean": 43.5,
    "validation_cost_reduction": 72.09757024280574,
    "paper_time_savings_mean": 44.4,
    "validation_time_savings": 98.9965731121276,
    "paper_outsourcing_rate": 33.8,
    "validation_outsourcing_rate": 0.0,
    "paper_topsis_mean": 0.79,
    "validation_topsis": 0.7449542783591562
  }
}