{
  "validation_type": "PAPER_COMPARISON",
  "total_tasks": 50,
  "successful_tasks": 50,
  "success_rate": 1.0,
  "cost_reduction_percent": -125.95149815285244,
  "time_savings_percent": 99.2817995539438,
  "outsourcing_rate_percent": 100.0,
  "avg_topsis_score": 0.8174915306447608,
  "cost_savings_distribution": {
    "min": -153.77643504531727,
    "max": -109.99999999999994,
    "std": 18.88314454201781
  },
  "paper_comparison": {
    "paper_cost_reduction_mean": 43.5,
    "validation_cost_reduction": -125.95149815285244,
    "paper_time_savings_mean": 44.4,
    "validation_time_savings": 99.2817995539438,
    "paper_outsourcing_rate": 33.8,
    "validation_outsourcing_rate": 100.0,
    "paper_topsis_mean": 0.79,
    "validation_topsis": 0.8174915306447608
  }
}