{
  "simulation_metadata": {
    "duration_days": 7,
    "total_tasks": 546,
    "client_agents": 5,
    "contractor_agents": 10,
    "generated_at": "2025-05-31T23:13:40.528120"
  },
  "cost_performance": {
    "average_cost_reduction_percent": 55.96882345757924,
    "total_cost_savings_usd": 676734.6203714486
  },
  "time_performance": {
    "average_time_savings_percent": 46.09827389756326,
    "total_time_savings_minutes": 20558.503906244227,
    "throughput_tasks_per_hour": 3.25
  },
  "decision_quality": {
    "outsourcing_rate": 0.3516483516483517,
    "average_topsis_score": 0.7686596876357776,
    "average_confidence": 0.8407165387488527
  }
}