{
  "cost_reduction": {
    "mean": 43.54545454545455,
    "std": 23.82301791487834,
    "min": 8.1,
    "max": 190.4,
    "median": 38.150000000000006
  },
  "time_savings": {
    "mean": 44.400826446280995,
    "std": 9.068055241901048,
    "min": 25.0,
    "max": 92.4,
    "median": 42.75
  },
  "outsourcing_rate": {
    "mean": 33.82561983471074,
    "std": 3.786217173588971,
    "min": 22.2,
    "max": 51.7,
    "median": 33.3
  },
  "topsis_score": {
    "mean": 0.7903512396694217,
    "std": 0.025043128328248877,
    "min": 0.65,
    "max": 0.854,
    "median": 0.792
  }
}