experiment_id,duration,agents,contractors,success,cost_reduction_pct,time_savings_pct,throughput,outsourcing_rate,topsis_score,confidence,total_tasks,output_dir
agt_01,7,5,10,True,55.96882345757924,46.09827389756326,3.25,0.3516483516483517,0.7686596876357776,0.8407165387488527,546,analysis_results/exp_agt_01
agt_02,7,10,20,True,141.75461225330648,42.49564219460654,3.5892857142857144,0.3333333333333333,0.8003720946402654,0.8367988390741827,603,analysis_results/exp_agt_02
agt_03,7,15,30,True,34.541697463588356,42.48904817663833,3.3035714285714284,0.3207207207207207,0.8167792908194724,0.8438247974311478,555,analysis_results/exp_agt_03
agt_04,7,20,40,True,51.978178298973354,53.871314568188374,3.4583333333333335,0.3993115318416523,0.784986051633768,0.8453287311378669,581,analysis_results/exp_agt_04
agt_05,7,25,50,True,34.94985528870526,42.63853385534221,3.357142857142857,0.3421985815602837,0.7756014916491665,0.8375738141519318,564,analysis_results/exp_agt_05
agt_06,7,30,60,True,39.34938567824574,46.30538665800343,3.4047619047619047,0.3356643356643357,0.810744511040545,0.8357235022872598,572,analysis_results/exp_agt_06
agt_07,7,40,80,True,38.726976003633126,46.427456006653024,3.6904761904761907,0.3532258064516129,0.796687481189299,0.8330974276971803,620,analysis_results/exp_agt_07
