experiment_id,duration,agents,contractors,success,cost_reduction_pct,time_savings_pct,throughput,outsourcing_rate,topsis_score,confidence,total_tasks,output_dir
agt_01,7,5,10,True,158.03672457651118,62.576743483141264,3.392857142857143,0.3368421052631579,0.6960777688671893,0.9710811274839583,570,analysis_results/exp_agt_01
agt_02,7,10,20,True,34.541195096660736,19.25081880959463,3.3154761904761907,0.14183123877917414,0.8893449263519381,0.919344387416204,557,analysis_results/exp_agt_02
agt_03,7,15,30,True,0.0,0.0,3.4047619047619047,0.0,0.0,0.0,572,analysis_results/exp_agt_03
agt_04,7,20,40,True,21.036733604179247,20.706870155851394,3.375,0.13403880070546736,0.9562240882419379,0.9229374409194799,567,analysis_results/exp_agt_04
agt_05,7,25,50,True,20.8684839260679,20.550868783920098,3.488095238095238,0.14505119453924914,0.7624016536623973,0.9180570471212172,586,analysis_results/exp_agt_05
agt_06,7,30,60,True,20.66684346142274,19.82396849150402,3.3988095238095237,0.138353765323993,0.7655869622932976,0.9213219330837575,571,analysis_results/exp_agt_06
agt_07,7,40,80,True,38.6257068951283,34.545946618260935,3.136904761904762,0.22011385199240988,0.7508531139479229,0.9297909798554703,527,analysis_results/exp_agt_07
agt_08,7,50,100,True,26.521518222276836,24.963309337874232,3.0476190476190474,0.177734375,0.7295795629457572,0.9198090624777878,512,analysis_results/exp_agt_08
