experiment_id,duration,agents,contractors,success,cost_reduction_pct,time_savings_pct,throughput,outsourcing_rate,topsis_score,confidence,total_tasks,output_dir
dur_01,1,15,30,True,23.787544241355487,28.20653449194725,2.0416666666666665,0.30612244897959184,0.7993580507080018,0.8345363045248291,49,analysis_results/exp_dur_01
dur_02,3,15,30,True,34.85180233822812,37.64841851283609,2.8194444444444446,0.32019704433497537,0.8204826684985198,0.8369237789316308,203,analysis_results/exp_dur_02
dur_03,5,15,30,True,34.39623168426997,44.72159469931089,3.7333333333333334,0.3325892857142857,0.7840704225277044,0.8406249297621031,448,analysis_results/exp_dur_03
dur_04,7,15,30,True,42.48644189934627,44.120084802333615,3.3214285714285716,0.34767025089605735,0.789353825684566,0.842636961990957,558,analysis_results/exp_dur_04
dur_05,10,15,30,True,58.00554411169237,62.94370836155584,3.158333333333333,0.4287598944591029,0.7817992832056795,0.8380787931207392,758,analysis_results/exp_dur_05
dur_07,20,15,30,True,35.83541135878467,42.04895876783358,3.475,0.329136690647482,0.7927031761897467,0.8437671521962383,1668,analysis_results/exp_dur_07
dur_08,25,15,30,True,42.365670971206974,50.32330784502125,3.365,0.3680039623576028,0.7932662352069526,0.8435948752609463,2019,analysis_results/exp_dur_08
dur_09,30,15,30,True,36.62354377644343,43.33398356679808,3.2625,0.3337590464027246,0.8034623228717885,0.8393520746729596,2349,analysis_results/exp_dur_09
