{
  "simulation_metadata": {
    "duration_days": 7,
    "total_tasks": 571,
    "client_agents": 30,
    "contractor_agents": 60,
    "generated_at": "2025-05-31T11:24:40.536065"
  },
  "cost_performance": {
    "average_cost_reduction_percent": 20.66684346142274,
    "total_cost_savings_usd": 13375.017272478874
  },
  "time_performance": {
    "average_time_savings_percent": 19.82396849150402,
    "total_time_savings_minutes": 12690.541344565067,
    "throughput_tasks_per_hour": 3.3988095238095237
  },
  "decision_quality": {
    "outsourcing_rate": 0.138353765323993,
    "average_topsis_score": 0.7655869622932976,
    "average_confidence": 0.9213219330837575
  }
}