{
  "simulation_metadata": {
    "duration_days": 7,
    "total_tasks": 570,
    "client_agents": 5,
    "contractor_agents": 10,
    "generated_at": "2025-05-31T11:24:30.974309"
  },
  "cost_performance": {
    "average_cost_reduction_percent": 158.03672457651118,
    "total_cost_savings_usd": 1340784.579891644
  },
  "time_performance": {
    "average_time_savings_percent": 62.576743483141264,
    "total_time_savings_minutes": 27984.28485785056,
    "throughput_tasks_per_hour": 3.392857142857143
  },
  "decision_quality": {
    "outsourcing_rate": 0.3368421052631579,
    "average_topsis_score": 0.6960777688671893,
    "average_confidence": 0.9710811274839583
  }
}