{
  "simulation_metadata": {
    "duration_days": 7,
    "total_tasks": 525,
    "client_agents": 50,
    "contractor_agents": 100,
    "generated_at": "2025-05-31T23:05:02.757343"
  },
  "cost_performance": {
    "average_cost_reduction_percent": 28.368503936394134,
    "total_cost_savings_usd": 15248.107883571949
  },
  "time_performance": {
    "average_time_savings_percent": 31.055205378532975,
    "total_time_savings_minutes": 16486.54051951969,
    "throughput_tasks_per_hour": 3.125
  },
  "decision_quality": {
    "outsourcing_rate": 0.22666666666666666,
    "average_topsis_score": 0.6741436868576562,
    "average_confidence": 0.8968808847820309
  }
}