{
  "simulation_metadata": {
    "duration_days": 25,
    "total_tasks": 2019,
    "client_agents": 15,
    "contractor_agents": 30,
    "generated_at": "2025-05-31T23:13:35.747364"
  },
  "cost_performance": {
    "average_cost_reduction_percent": 42.365670971206974,
    "total_cost_savings_usd": 71875.52301344568
  },
  "time_performance": {
    "average_time_savings_percent": 50.32330784502125,
    "total_time_savings_minutes": 81759.14006953435,
    "throughput_tasks_per_hour": 3.365
  },
  "decision_quality": {
    "outsourcing_rate": 0.3680039623576028,
    "average_topsis_score": 0.7932662352069526,
    "average_confidence": 0.8435948752609463
  }
}