{
  "simulation_metadata": {
    "duration_days": 7,
    "total_tasks": 586,
    "client_agents": 25,
    "contractor_agents": 50,
    "generated_at": "2025-05-31T11:24:38.571552"
  },
  "cost_performance": {
    "average_cost_reduction_percent": 20.8684839260679,
    "total_cost_savings_usd": 13401.352407837736
  },
  "time_performance": {
    "average_time_savings_percent": 20.550868783920098,
    "total_time_savings_minutes": 12669.33910002232,
    "throughput_tasks_per_hour": 3.488095238095238
  },
  "decision_quality": {
    "outsourcing_rate": 0.14505119453924914,
    "average_topsis_score": 0.7624016536623973,
    "average_confidence": 0.9180570471212172
  }
}