{
  "simulation_metadata": {
    "duration_days": 7,
    "total_tasks": 620,
    "client_agents": 40,
    "contractor_agents": 80,
    "generated_at": "2025-05-31T23:13:52.777651"
  },
  "cost_performance": {
    "average_cost_reduction_percent": 38.726976003633126,
    "total_cost_savings_usd": 22541.472618413893
  },
  "time_performance": {
    "average_time_savings_percent": 46.427456006653024,
    "total_time_savings_minutes": 25026.964197174195,
    "throughput_tasks_per_hour": 3.6904761904761907
  },
  "decision_quality": {
    "outsourcing_rate": 0.3532258064516129,
    "average_topsis_score": 0.796687481189299,
    "average_confidence": 0.8330974276971803
  }
}