{
  "simulation_metadata": {
    "duration_days": 20,
    "total_tasks": 1668,
    "client_agents": 15,
    "contractor_agents": 30,
    "generated_at": "2025-05-31T23:13:33.042221"
  },
  "cost_performance": {
    "average_cost_reduction_percent": 35.83541135878467,
    "total_cost_savings_usd": 53540.70014160839
  },
  "time_performance": {
    "average_time_savings_percent": 42.04895876783358,
    "total_time_savings_minutes": 59723.10275666626,
    "throughput_tasks_per_hour": 3.475
  },
  "decision_quality": {
    "outsourcing_rate": 0.329136690647482,
    "average_topsis_score": 0.7927031761897467,
    "average_confidence": 0.8437671521962383
  }
}