{
  "simulation_metadata": {
    "duration_days": 7,
    "total_tasks": 492,
    "client_agents": 15,
    "contractor_agents": 30,
    "generated_at": "2025-05-31T11:24:18.477057"
  },
  "cost_performance": {
    "average_cost_reduction_percent": 24.983010450903407,
    "total_cost_savings_usd": 14159.32227487729
  },
  "time_performance": {
    "average_time_savings_percent": 23.943639790885126,
    "total_time_savings_minutes": 12477.273659128912,
    "throughput_tasks_per_hour": 2.9285714285714284
  },
  "decision_quality": {
    "outsourcing_rate": 0.17682926829268292,
    "average_topsis_score": 0.750563554288257,
    "average_confidence": 0.9139394227428533
  }
}