{
  "simulation_metadata": {
    "duration_days": 30,
    "total_tasks": 2349,
    "client_agents": 15,
    "contractor_agents": 30,
    "generated_at": "2025-05-31T23:13:38.653791"
  },
  "cost_performance": {
    "average_cost_reduction_percent": 36.62354377644343,
    "total_cost_savings_usd": 74641.84395186532
  },
  "time_performance": {
    "average_time_savings_percent": 43.33398356679808,
    "total_time_savings_minutes": 84002.092121699,
    "throughput_tasks_per_hour": 3.2625
  },
  "decision_quality": {
    "outsourcing_rate": 0.3337590464027246,
    "average_topsis_score": 0.8034623228717885,
    "average_confidence": 0.8393520746729596
  }
}