{
  "simulation_metadata": {
    "duration_days": 8,
    "total_tasks": 609,
    "client_agents": 20,
    "contractor_agents": 40,
    "generated_at": "2025-05-31T11:21:39.120535"
  },
  "cost_performance": {
    "average_cost_reduction_percent": 22.98253503900965,
    "total_cost_savings_usd": 15711.91608850258
  },
  "time_performance": {
    "average_time_savings_percent": 21.997108593056566,
    "total_time_savings_minutes": 14449.564691275973,
    "throughput_tasks_per_hour": 3.171875
  },
  "decision_quality": {
    "outsourcing_rate": 0.16091954022988506,
    "average_topsis_score": 0.7655265723865342,
    "average_confidence": 0.9216450436957025
  }
}