{
  "simulation_metadata": {
    "duration_days": 10,
    "total_tasks": 778,
    "client_agents": 15,
    "contractor_agents": 30,
    "generated_at": "2025-05-31T11:24:20.405762"
  },
  "cost_performance": {
    "average_cost_reduction_percent": 22.37478441070457,
    "total_cost_savings_usd": 19175.48539673244
  },
  "time_performance": {
    "average_time_savings_percent": 22.37005568727762,
    "total_time_savings_minutes": 18445.79969459595,
    "throughput_tasks_per_hour": 3.2416666666666667
  },
  "decision_quality": {
    "outsourcing_rate": 0.15809768637532134,
    "average_topsis_score": 0.9051320629643207,
    "average_confidence": 0.9192839600555732
  }
}